timestamp,type,commit
1581761780000,2,bdc4d919dd412f0b308d98954a324e685f5f302b
1581761787000,2,bdc4d919dd412f0b308d98954a324e685f5f302b
1581762095000,2,31ce0eb9b6f580dc4f83a35260edbe6c0c9f10ea
1581762101000,2,31ce0eb9b6f580dc4f83a35260edbe6c0c9f10ea
1581763764000,2,e5ada227d50b82195f8a521bafb5e60351dadb2c
1581763772000,2,e5ada227d50b82195f8a521bafb5e60351dadb2c
1581764345000,2,78fde9be5234e22ea79f0e352ad8a001692012cf
1581764352000,2,78fde9be5234e22ea79f0e352ad8a001692012cf
1581766589000,2,98c6401b8f438c79171be7279cd2e6f415e8685f
1581766597000,2,98c6401b8f438c79171be7279cd2e6f415e8685f
1581768376000,2,e8cf76b3895fddfba8705ec4cb8878e1af5a57e2
1581768384000,2,e8cf76b3895fddfba8705ec4cb8878e1af5a57e2
1581774655000,2,e8cf76b3895fddfba8705ec4cb8878e1af5a57e2
1581774661000,2,e8cf76b3895fddfba8705ec4cb8878e1af5a57e2
1581774677000,2,24fb75f93e97703f5c8dac5421731c2948574426
1581774684000,2,24fb75f93e97703f5c8dac5421731c2948574426
1581774790000,2,e92ea43b751316ec7b98ac5ddc4e0aebc840fd8f
1581774796000,2,e92ea43b751316ec7b98ac5ddc4e0aebc840fd8f
1581775541000,2,9b9a821f304c9651561b3c31e1efda66c9408d3f
1581775548000,2,9b9a821f304c9651561b3c31e1efda66c9408d3f
1581776166000,2,ab16dce4572bb92cdc106f66da861716f5ad1eb1
1581776172000,2,ab16dce4572bb92cdc106f66da861716f5ad1eb1
1582226903000,2,d31229f54c9abfd14f0cc5306db835581605e7de
1582226912000,2,d31229f54c9abfd14f0cc5306db835581605e7de
1582227553000,2,470499a4698726ecffcd00d24e30f5391c18c957
1582227561000,2,470499a4698726ecffcd00d24e30f5391c18c957
1582235231000,2,105ab92ace38a87362090f8ece06639b04c2b180
1582235243000,2,105ab92ace38a87362090f8ece06639b04c2b180
1582477129000,2,7c74455d56ccb767ed97742126dade3e3be7d91f
1582477136000,2,7c74455d56ccb767ed97742126dade3e3be7d91f
1582491374000,2,1c1be5e8be09bbd85dd7a918bbabd0eb11ae2fff
1582491380000,2,1c1be5e8be09bbd85dd7a918bbabd0eb11ae2fff
1582492300000,2,f669c8d2d93ff3e4a0db257b652ab9f8993de54e
1582492306000,2,f669c8d2d93ff3e4a0db257b652ab9f8993de54e
1582754872000,2,bb19618e7f94e90f6adf9fb52b25f0f24960a7fd
1582754882000,2,bb19618e7f94e90f6adf9fb52b25f0f24960a7fd
1582840516000,2,03452470c0f42e08ded32fc094d6b0c456576794
1582840525000,2,03452470c0f42e08ded32fc094d6b0c456576794
1582840992000,2,db3613c6baa1300140eb7cea9e47700fdf94343d
1582841000000,2,db3613c6baa1300140eb7cea9e47700fdf94343d
1582927963000,2,996c433f9b40b5bf0c84763d7d2692489d5afd6a
1582927972000,2,996c433f9b40b5bf0c84763d7d2692489d5afd6a
1582928738000,2,83f91cda4df3307c551552df85a48c35d9c7af13
1582928745000,2,83f91cda4df3307c551552df85a48c35d9c7af13
1582929355000,2,bd7b4bc63800cefc9e3b3d3fadc18900749fba15
1582929361000,2,bd7b4bc63800cefc9e3b3d3fadc18900749fba15
1582975680000,2,d8bfe5252a4e63e3d42bae3b78795796bd8745ef
1582975688000,2,d8bfe5252a4e63e3d42bae3b78795796bd8745ef
1582977522000,2,2fa09f52e00fee6325363f719616147fd1862ad7
1582977531000,2,2fa09f52e00fee6325363f719616147fd1862ad7
1582980392000,2,44d80d9f0dbccb2f6ebb4cc3351d9e48592675fc
1582980400000,2,44d80d9f0dbccb2f6ebb4cc3351d9e48592675fc
1582980631000,2,8983c97afe2ff526cde6ed90d69e58f2847ef99a
1582980636000,2,8983c97afe2ff526cde6ed90d69e58f2847ef99a
1582985309000,2,edf0763bfa3531385fab863e4914f76ab43e5e60
1582985318000,2,edf0763bfa3531385fab863e4914f76ab43e5e60
1582995728000,2,f1192cb63f159b78e1a718bd3983fed61f823124
1582995736000,2,f1192cb63f159b78e1a718bd3983fed61f823124
1582996762000,2,fe89ac71dbdf925f08659e5398fda7e57beee2d9
1582996769000,2,fe89ac71dbdf925f08659e5398fda7e57beee2d9
1582997227000,2,db9f418047a334f9bc780d17bdcceea86cd0d099
1582997234000,2,db9f418047a334f9bc780d17bdcceea86cd0d099
1583012708000,2,e22e99f414c78f05accd8a52c66c330b60cf1e6d
1583012714000,2,e22e99f414c78f05accd8a52c66c330b60cf1e6d
1583091395000,2,22b374e38943844606919dbf8c31289981ce315f
1583091401000,2,22b374e38943844606919dbf8c31289981ce315f
1583091662000,2,651ffb9adc9279847d1107d955e2398c86f022b4
1583091667000,2,651ffb9adc9279847d1107d955e2398c86f022b4
1583092169000,2,7156747e3dd083c0d083710f8bb14dee1706f657
1583092175000,2,7156747e3dd083c0d083710f8bb14dee1706f657
1583094648000,2,3cb99e1dc4862b7389620ab6b137e4dd9bd85c97
1583094655000,2,3cb99e1dc4862b7389620ab6b137e4dd9bd85c97
1583097966000,2,a1c864f2cfd67e5710e24cd978f7997564471e9a
1583097973000,2,a1c864f2cfd67e5710e24cd978f7997564471e9a
1583100339000,2,a07e023e395bc9943a8a89a53a68917a173c37c5
1583100347000,2,a07e023e395bc9943a8a89a53a68917a173c37c5
1583181718000,2,4cefee5d61d4d425a2c4e11aec507d3c9ed733a7
1583181727000,2,4cefee5d61d4d425a2c4e11aec507d3c9ed733a7
1583182494000,2,c9287dbdc2349aed6123aeac82a638e9f8a80ab5
1583182499000,2,c9287dbdc2349aed6123aeac82a638e9f8a80ab5
1583183295000,2,81ba38550559e71647c3495e99264b2d07d3049a
1583183301000,2,81ba38550559e71647c3495e99264b2d07d3049a
1583184555000,2,417429823591579963a5e612f8410895299f7e84
1583184562000,2,417429823591579963a5e612f8410895299f7e84
1583184847000,2,08700c76997e57e563636d72ffb74ab26596a5c8
1583186607000,2,1718a1684b4f92b6ec2522b0385b811b38669541
1583186616000,2,1718a1684b4f92b6ec2522b0385b811b38669541
1583187101000,2,2896b8cff2e1f9a3368f0eafca28150dec3dc1c9
1583187109000,2,2896b8cff2e1f9a3368f0eafca28150dec3dc1c9
1583354552000,2,3342b435b71b75440fb114d7cd3ca15e19b669f4
1583354557000,2,3342b435b71b75440fb114d7cd3ca15e19b669f4
1583355673000,2,19b72f8dfa834544391aabb9276b6ba4d7c414f9
1583355681000,2,19b72f8dfa834544391aabb9276b6ba4d7c414f9
1583360163000,2,e0893499e5b9b2aef8b6bc6a211d931f838ff621
1583360170000,2,e0893499e5b9b2aef8b6bc6a211d931f838ff621
1583360641000,2,40749e3732d5b200ce266a542c5ddefd8545609b
1583360648000,2,40749e3732d5b200ce266a542c5ddefd8545609b
1583438195000,2,11eeef08d8d1a024c4c675cb61aa6e54d5f9bfdb
1583438203000,2,11eeef08d8d1a024c4c675cb61aa6e54d5f9bfdb
1583609259000,2,d60004577b474bfcad5992a348a74579cbca5536
1583609266000,2,d60004577b474bfcad5992a348a74579cbca5536
1583609349000,2,6a0de3cffed36c4a12518f4761a1b25585d2e5b9
1583609355000,2,6a0de3cffed36c4a12518f4761a1b25585d2e5b9
1583620218000,2,69561f9ca299b2b5984d5c4c69e022177dfce336
1583620224000,2,69561f9ca299b2b5984d5c4c69e022177dfce336
1583621682000,2,e066dd0bb45a2139cdf6f9a847e2fff5950cbab3
1583621686000,2,e066dd0bb45a2139cdf6f9a847e2fff5950cbab3
1583623591000,2,d1a08cc15016a6e62b53ca85375dea4a4ffb8043
1583623598000,2,d1a08cc15016a6e62b53ca85375dea4a4ffb8043
1583686156000,2,18ef94c4f3c073b5568e368f376f10b49e11c7c3
1583686162000,2,18ef94c4f3c073b5568e368f376f10b49e11c7c3
1583694150000,2,8db38200784d84bd4dc20b0e24e02fcb2c6a8573
1583694157000,2,8db38200784d84bd4dc20b0e24e02fcb2c6a8573
1583700443000,2,c5344b07ae479d0855e0b464279c5c148bd8d073
1583700449000,2,c5344b07ae479d0855e0b464279c5c148bd8d073
1583700758000,2,d8934ad5f6a80c9d442e57208845abe6de1c0a79
1583700762000,2,d8934ad5f6a80c9d442e57208845abe6de1c0a79
1583701368000,2,baa1f3fb39c13984778845d7a6956a17e1db1834
1583701374000,2,baa1f3fb39c13984778845d7a6956a17e1db1834
1583784917000,2,07a5d0fa04f7f6a6d92f93cfce81f2b05543e6da
1583784925000,2,07a5d0fa04f7f6a6d92f93cfce81f2b05543e6da
1583960949000,2,ae6b251cc0c81cb28afc61a5d11512d7b02d9107
1583960957000,2,ae6b251cc0c81cb28afc61a5d11512d7b02d9107
1583961539000,2,2207e899b58018322c844e9f0895e084d5f8f87b
1583961548000,2,2207e899b58018322c844e9f0895e084d5f8f87b
1584305424000,2,55d6116a8dfb0fc8e2219ed5c1cff579bba62f6d
1584305430000,2,55d6116a8dfb0fc8e2219ed5c1cff579bba62f6d
1584307237000,2,38ef13f272e7fb67a5d7a4b7f925fcf8dbdf4f86
1584307243000,2,38ef13f272e7fb67a5d7a4b7f925fcf8dbdf4f86
1584786805000,2,38607d964007445309fd0e539049e358f646dfe4
1584786812000,2,38607d964007445309fd0e539049e358f646dfe4
1584790425000,2,dcdb3cc880c593a9f5b666a02c9239a39d400f00
1584790430000,2,dcdb3cc880c593a9f5b666a02c9239a39d400f00
1584790705000,2,e8047cc3d50d835ae32bfd89be66f09e1b0f4c87
1584790710000,2,e8047cc3d50d835ae32bfd89be66f09e1b0f4c87
1584819481000,2,a2a5ce356b60816bdd72ac4c1b3a459d79bc68f3
1584819489000,2,a2a5ce356b60816bdd72ac4c1b3a459d79bc68f3
1584819785000,2,c879f9eb2cc5791d067bdba5748f16d13e1d1862
1584819790000,2,c879f9eb2cc5791d067bdba5748f16d13e1d1862
1584824989000,2,ce467619974246aa463c703a4c781e040d33bfe8
1584824996000,2,ce467619974246aa463c703a4c781e040d33bfe8
1584825151000,2,a1a5abff942ad24cf9e51f4f8a0873163d93f63c
1584825157000,2,a1a5abff942ad24cf9e51f4f8a0873163d93f63c
1584825918000,2,505e6bded60f3bbeb5d57edf37977d0ab1bdbbd1
1584825922000,2,505e6bded60f3bbeb5d57edf37977d0ab1bdbbd1
1584826308000,2,b6ff09e6367ca0dc2cfbf17768b04b8c2b2239a2
1584826315000,2,b6ff09e6367ca0dc2cfbf17768b04b8c2b2239a2
1584884230000,2,6aeb82d4d71916c0d9236801a27f505df985352c
1584884235000,2,6aeb82d4d71916c0d9236801a27f505df985352c
1584909320000,2,baf66a74767e9fdfa101493e1fc3c48885a7826b
1584909328000,2,baf66a74767e9fdfa101493e1fc3c48885a7826b
1585310325000,2,0ac022f81e607f3739975d9decab2f45507e8cae
1585310332000,2,0ac022f81e607f3739975d9decab2f45507e8cae
1585317092000,2,52d360b89d8137c3e24b9b532877557a7cb5d18f
1585317100000,2,52d360b89d8137c3e24b9b532877557a7cb5d18f
1585330277000,2,bd97565537d0fc3ebdce73506cbd87a53e8133ff
1585330286000,2,bd97565537d0fc3ebdce73506cbd87a53e8133ff
1586039850000,2,a9acbec177f2d3a56959e2564b1b2f672b2601bf
1586039856000,2,a9acbec177f2d3a56959e2564b1b2f672b2601bf
1586041882000,2,381408ef3142261801462dd9e6adc04eaba27be9
1586041889000,2,381408ef3142261801462dd9e6adc04eaba27be9
1586042866000,2,057dd6103c1c585eeb5a9fdbc1defcb5d8270166
1586042872000,2,057dd6103c1c585eeb5a9fdbc1defcb5d8270166
1586104042000,2,24f8c25319caaf8d985b1e97a35ef41276165d37
1586104047000,2,24f8c25319caaf8d985b1e97a35ef41276165d37
1586106700000,2,84b62805a84498163439d3d3ced4a59f1a540527
1586106706000,2,84b62805a84498163439d3d3ced4a59f1a540527
1586113249000,2,952829aabc12d99a7ebcef352a32bb2a0ed49165
1586113258000,2,952829aabc12d99a7ebcef352a32bb2a0ed49165
1586114209000,2,69f48e08564e564b163e83322eb085ce12dcfa70
1586114216000,2,69f48e08564e564b163e83322eb085ce12dcfa70
1586120892000,2,84ab07e24acddb52c6f77f282b5c59366eeb9d32
1586120900000,2,84ab07e24acddb52c6f77f282b5c59366eeb9d32
1586204434000,2,2630c4f044fc3e70c69c85db4ba284648c52f0f1
1586204442000,2,2630c4f044fc3e70c69c85db4ba284648c52f0f1
1586213090000,2,21c02d2f694d0c5e9626f8381d88b3f9418b5189
1586213097000,2,21c02d2f694d0c5e9626f8381d88b3f9418b5189
1587840711000,2,3f9e6339662965a9ec73369b2042c20dedcffda8
1587840718000,2,3f9e6339662965a9ec73369b2042c20dedcffda8
1587852608000,2,3258fe00ba0603367ad993a71a60fe247567ce45
1587852614000,2,3258fe00ba0603367ad993a71a60fe247567ce45
1587908194000,2,289d6eaeabef4d954827ed0381c1106c639270f1
1587908201000,2,289d6eaeabef4d954827ed0381c1106c639270f1
1587909286000,2,5e83e137865abecf6b1419f7dd1b81b9138a0d0f
1587909290000,2,5e83e137865abecf6b1419f7dd1b81b9138a0d0f
1587918437000,2,15e3100472380026432eabee4f87b8196b7a29fd
1587920974000,2,56df9d2438a783bd2e2d11a5ff381974a8016892
1587920980000,2,56df9d2438a783bd2e2d11a5ff381974a8016892
1588528906000,2,189f07a110bfc94491fa25672c80c531805bb83e
1588528913000,2,189f07a110bfc94491fa25672c80c531805bb83e
1588889491000,2,c421d8a5eb1351d4b3e4b9e5a4c94804a6d0026c
1588889499000,2,c421d8a5eb1351d4b3e4b9e5a4c94804a6d0026c
1588896546000,2,626c005369c01f933ffeec8d6648b94d8b4670e9
1588896554000,2,626c005369c01f933ffeec8d6648b94d8b4670e9
1589033828000,2,dc4a51c4fe530780b709656376cd3d16b722cb32
1589033835000,2,dc4a51c4fe530780b709656376cd3d16b722cb32
1589059611000,2,87136f50dade45c04d2fba1f59ea6e6976a1bcf6
1589059617000,2,87136f50dade45c04d2fba1f59ea6e6976a1bcf6
1589060886000,2,e60c9d7c3642cc56e1f79a51f3196fd177f74cb1
1589060936000,2,e60c9d7c3642cc56e1f79a51f3196fd177f74cb1
1589116648000,2,1be4e032797ce29ef2e02f1d36089a63d07fea0f
1589116654000,2,1be4e032797ce29ef2e02f1d36089a63d07fea0f
1589127576000,2,a60af3a27f939fd55a3a1875f4ac1d4bba25fbf7
1589127582000,2,a60af3a27f939fd55a3a1875f4ac1d4bba25fbf7
1589147949000,2,79fd996b2bf929729e42c3a667404805c68be7f4
1589147954000,2,79fd996b2bf929729e42c3a667404805c68be7f4
1589317876000,2,39f35fa5dd2800147d919cd4d6b38980f3a0121c
1589317883000,2,39f35fa5dd2800147d919cd4d6b38980f3a0121c
1589318194000,2,c591f2932d93a1ace507fac8e2e4ea0f5127b60d
1589318202000,2,c591f2932d93a1ace507fac8e2e4ea0f5127b60d
1589495369000,2,9ad80d732e15bb16c8e230bae473a5c2f0503056
1589495376000,2,9ad80d732e15bb16c8e230bae473a5c2f0503056
1589582069000,2,3a6810a5b60a36cc97d35249490ab0f8d311e9f4
1589582075000,2,3a6810a5b60a36cc97d35249490ab0f8d311e9f4
1589582423000,2,6936dbb967053b90e7b31a612d6699334234d1db
1589582430000,2,6936dbb967053b90e7b31a612d6699334234d1db
1589661320000,2,8e6f8c67d6fd392e1170d44b604f9ff2a4cf0a91
1589661328000,2,8e6f8c67d6fd392e1170d44b604f9ff2a4cf0a91
1589668138000,2,d3b8658fc7361be4d969f76aabb543b008a937e3
1589668145000,2,d3b8658fc7361be4d969f76aabb543b008a937e3
1589710540000,2,487b774b0ac33fa2f80bfa5a7236f6892b6e51c5
1589710548000,2,487b774b0ac33fa2f80bfa5a7236f6892b6e51c5
1589838780000,2,430562b4d254c0fe1a1071a6db3d8310b765c3e0
1589838790000,2,430562b4d254c0fe1a1071a6db3d8310b765c3e0
1590095745000,2,18bd5b96b63399d07e9823504a9cc1f91bf78380
1590095753000,2,18bd5b96b63399d07e9823504a9cc1f91bf78380
1590171531000,2,38bf3ca20b082d45f4e858d3c4ff425fb330e018
1590171537000,2,38bf3ca20b082d45f4e858d3c4ff425fb330e018
1590227451000,2,d0ea99ede3cac2080a1051721eb9a4064427bb37
1590227458000,2,d0ea99ede3cac2080a1051721eb9a4064427bb37
1590239547000,2,2c2e8d86d80988954532a6cd3c31a377d0378363
1590239553000,2,2c2e8d86d80988954532a6cd3c31a377d0378363
1590240725000,2,b87108ba29d682d77e7de52ea42835bc66f9978f
1590240733000,2,b87108ba29d682d77e7de52ea42835bc66f9978f
